{
"data":[
    {
        "img":"https://dakd0cjsv8wfa.cloudfront.net/images/api_clients/0/api_clients_30_2_10_0_90706.png"
    },
{
    "img":"https://dakd0cjsv8wfa.cloudfront.net/images/api_clients/0/api_clients_180_2_10_0_26145.png"
},
{
    "img":"https://dakd0cjsv8wfa.cloudfront.net/images/api_clients/0/api_clients_229_2_10_0_74866.png"
},
{
    "img":"https://dakd0cjsv8wfa.cloudfront.net/images/api_clients/0/api_clients_392_2_10_0_3957.png"
},
{
    "img":"https://dakd0cjsv8wfa.cloudfront.net/images/api_clients/0/api_clients_389_2_10_0_4027.png"
},
{
    "img":"https://dakd0cjsv8wfa.cloudfront.net/images/api_clients/0/api_clients_120_2_10_0_25954.png"
}


]

}